{"Index Size": 0.04222583770751953, "Elapsed Time": 5.739699840545654, "Number of lists": 1, "Average List Size": 0.04222583770751953}