{"Index Size": 0.0001316070556640625, "Elapsed Time": 0.0013072490692138672, "Number of lists": 3, "Average List Size": 4.1643778483072914e-05}