{"Index Size": 14.228816986083984, "Elapsed Time": 79.60136556625366, "Number of lists": 1, "Average List Size": 14.311224937438965}