{"Index Size": 44.26853084564209, "Elapsed Time": 150.68756937980652, "Number of lists": 15, "Average List Size": 3.2810896555582683}