{"Index Size": 9.03659439086914, "Elapsed Time": 196.40860033035278, "Number of lists": 1, "Average List Size": 9.082600593566895}