{"Index Size": 31.64608383178711, "Elapsed Time": 179.938307762146, "Number of lists": 1, "Average List Size": 31.836586952209473}