{"Index Size": 9.03659439086914, "Elapsed Time": 207.88413381576538, "Number of lists": 1, "Average List Size": 9.082600593566895}